{"noiseKey":{"private":{"type":"Buffer","data":"MCuF9X8wMgbStG2JmkKk0VFa8i2KZbnZRaFeu47WM14="},"public":{"type":"Buffer","data":"721EEYcQp+G8zFyMkT3kO3BwcofspbR4oJ5ZMvwKUQk="}},"pairingEphemeralKeyPair":{"private":{"type":"Buffer","data":"gDdJS5/J47NXN6SNeeeCAE8uxNnrQ8NRgjFqUjQV9nU="},"public":{"type":"Buffer","data":"m2aUUo2y5KIyKvgSn3c5zQzq3Oz0zcL2mgYx0Ge3xmY="}},"signedIdentityKey":{"private":{"type":"Buffer","data":"aMSnTHKsQ2sCYcVDoc9I9JOgMIqkE51IXvvYgDFY90E="},"public":{"type":"Buffer","data":"YPEIEyn+W8ENYdecso9vqLZgGZHOrOS8SjR6wSLq7hU="}},"signedPreKey":{"keyPair":{"private":{"type":"Buffer","data":"UIXWDK2MohpYhVlkX840BfPAWxe0sn7yuD8q6qR9Wks="},"public":{"type":"Buffer","data":"eihkUO5OCTxNO34ekXIkR1jwHhanT4WX7KBgyLer9FA="}},"signature":{"type":"Buffer","data":"H26gxLLg+Nz8v//MQVvOgZqot/xius9WYYtDDRUtA/9pXncv8ShaNP4Xfq2c8R793qfePyJt/r12Ehagwb+OBg=="},"keyId":1},"registrationId":71,"advSecretKey":"cjISTJ+kGFSC/IcSL5OiZdmPz7uCadY5hWU+MrFZ9I8=","processedHistoryMessages":[],"nextPreKeyId":31,"firstUnuploadedPreKeyId":31,"accountSyncCounter":0,"accountSettings":{"unarchiveChats":false},"deviceId":"CuJiNQl_TFqYfyPukxnSlg","phoneId":"3a54069f-a526-44b5-8c11-de1c853546fe","identityId":{"type":"Buffer","data":"CQsdypLvscV3kJN8bzUiRFQI7Ak="},"registered":true,"backupToken":{"type":"Buffer","data":"JfcML8ccDLVn2IKcdJdYHQO2ZvQ="},"registration":{},"pairingCode":"DRAY1922","me":{"id":"2349038742280:1@s.whatsapp.net","lid":"29038324277334:1@lid"},"account":{"details":"CP2m6ggQ4JOsxAYYASAAKAA=","accountSignatureKey":"+rUPcMwBNt85D/HZOvW1o/XZ248rWLIjaBnDriUthRc=","accountSignature":"toKQAjWtHINAgu9+Ts2aAcdVg64erdSSbykxfuD0FkELyzTBAFP1AVd2UO1CGfmM5w6qqLfIgOIbHscufKwfBA==","deviceSignature":"UnGezIbKN+IorqHTHbeNFoasJHks0tcpkdMt4HChnOa2CPM7uFNyhMziEl9cyi1NX6KmU82lH69Ic6J+1kfbCA=="},"signalIdentities":[{"identifier":{"name":"2349038742280:1@s.whatsapp.net","deviceId":0},"identifierKey":{"type":"Buffer","data":"Bfq1D3DMATbfOQ/x2Tr1taP12duPK1iyI2gZw64lLYUX"}}],"platform":"android","routingInfo":{"type":"Buffer","data":"CA0IAg=="},"lastAccountSyncTimestamp":1753942507,"myAppStateKeyId":"AAAAAPwp"}